video_name,sampled_idx,frame_idx,timestamp_sec,track_id,class_id,class_name,confidence,x1,y1,x2,y2,bbox_area_ratio,center_x,center_y,observation_type,motion_inside_mean,motion_inside_sum,motion_coverage,motion_density,motion_peak,expanded_motion_mean,expanded_motion_coverage,associated_blob_ids,associated_blob_count,mean_associated_blob_importance
VIRAT_S_000201_06_001354_001397,83,504,16.8,59,2,car,0.634909,867,667,1022,719,0.00891739,944.92,693.5,observed_motion,0.476209,3838.2463,0.895161,35.80508,1.0,0.271958,0.57486,0,1,0.3
VIRAT_S_000201_06_001354_001397,84,510,17.0,59,2,car,0.787898,864,655,1051,719,0.01294274,957.76,687.91,observed_motion,0.411755,4927.8848,0.83765,25.253926,1.0,0.2203,0.503098,0,1,0.3
VIRAT_S_000201_06_001354_001397,85,516,17.2,59,2,car,0.783292,864,642,1087,719,0.01887769,976.01,681.07,observed_motion,0.344673,5918.377,0.752723,20.576525,1.0,0.186962,0.46855,0,1,0.3
VIRAT_S_000201_06_001354_001397,86,522,17.4,59,2,car,0.83428,871,628,1114,714,0.02274866,993.26,671.74,observed_motion,0.321025,6708.7734,0.636185,18.823065,1.0,0.177728,0.40678,0,1,0.3
VIRAT_S_000201_06_001354_001397,87,528,17.6,59,2,car,0.820709,890,616,1130,703,0.02262206,1010.52,660.03,observed_motion,0.312114,6516.9458,0.64818,18.248865,1.0,0.168695,0.413983,0,1,0.3
VIRAT_S_000201_06_001354_001397,88,534,17.8,59,2,car,0.619359,911,605,1141,690,0.02132558,1026.54,647.89,observed_motion,0.329436,6440.4697,0.705064,18.634257,1.0,0.173767,0.423813,0,1,0.3
VIRAT_S_000201_06_001354_001397,89,540,18.0,59,2,car,0.770833,935,593,1149,676,0.01927363,1042.39,635.17,observed_motion,0.334789,5946.5176,0.691589,17.396781,1.0,0.179938,0.42051,0,1,0.3
VIRAT_S_000201_06_001354_001397,90,546,18.2,59,2,car,0.703387,958,580,1158,660,0.0173917,1058.56,620.7,observed_motion,0.34911,5585.7661,0.715875,21.040101,1.0,0.179249,0.401025,0,1,0.3
VIRAT_S_000201_06_001354_001397,91,552,18.4,59,2,car,0.676052,979,570,1166,648,0.01571668,1072.89,609.59,observed_motion,0.370681,5406.7568,0.725079,22.072802,1.0,0.192946,0.43232,0,1,0.3
VIRAT_S_000201_06_001354_001397,92,558,18.6,59,2,car,0.703277,999,561,1171,634,0.01375792,1085.82,598.03,observed_motion,0.386121,4848.1338,0.754062,23.328529,1.0,0.208183,0.458276,0,1,0.3
VIRAT_S_000201_06_001354_001397,92,558,18.6,63,0,person,0.525143,1145,651,1170,715,0.00175458,1158.22,683.34,weak_motion,0.208213,333.1412,1.0,12.579762,0.496376,0.134707,0.841854,,0,0.0
VIRAT_S_000201_06_001354_001397,93,564,18.8,59,2,car,0.547516,1019,552,1178,623,0.01211737,1099.21,588.11,observed_motion,0.384065,4335.7095,0.790327,24.000545,1.0,0.209721,0.468538,0,1,0.3
VIRAT_S_000201_06_001354_001397,93,564,18.8,63,0,person,0.334162,1149,649,1173,712,0.00164794,1161.19,680.96,weak_motion,0.164194,248.2613,0.930556,10.26062,0.423687,0.09697,0.691453,,0,0.0
VIRAT_S_000201_06_001354_001397,94,570,19.0,59,2,car,0.594403,1027,533,1198,612,0.01457296,1112.88,573.13,observed_motion,0.318431,4301.6777,0.674809,17.146077,1.0,0.173053,0.378201,0,1,0.3
VIRAT_S_000201_06_001354_001397,96,582,19.4,59,2,car,0.72634,1066,523,1207,591,0.01042675,1136.84,557.14,observed_motion,0.364179,3491.7461,0.771381,22.384603,1.0,0.197528,0.462653,0,1,0.3
VIRAT_S_000201_06_001354_001397,97,588,19.6,68,2,car,0.667229,1176,442,1207,472,0.00098858,1192.2,457.44,weak_motion,0.301757,280.6341,1.0,20.82791,0.53051,0.245307,1.0,,0,0.0
VIRAT_S_000201_06_001354_001397,98,594,19.8,68,2,car,0.755144,1167,440,1204,476,0.00148257,1186.07,458.18,observed_motion,0.382573,509.5875,1.0,24.264963,0.691018,0.298166,0.981579,0,1,0.3
VIRAT_S_000201_06_001354_001397,99,600,20.0,68,2,car,0.757004,1159,440,1203,482,0.00200063,1181.19,461.33,observed_motion,0.486818,899.6401,1.0,22.562009,1.0,0.356895,0.965945,1,1,0.195
VIRAT_S_000201_06_001354_001397,99,600,20.0,63,0,person,0.300536,1165,632,1188,694,0.00155384,1176.91,663.82,weak_motion,0.330851,471.7935,0.991585,15.333571,0.739905,0.200424,0.866723,,0,0.0
VIRAT_S_000201_06_001354_001397,100,606,20.2,68,2,car,0.507196,1152,443,1201,490,0.00252839,1177.03,466.69,observed_motion,0.51019,1174.9667,1.0,26.694366,0.99954,0.353222,0.956646,1,1,0.285
VIRAT_S_000201_06_001354_001397,100,606,20.2,63,0,person,0.392556,1166,630,1190,693,0.00161937,1178.66,662.19,weak_motion,0.222167,335.9159,0.953042,11.6243,0.594635,0.124946,0.762821,,0,0.0
VIRAT_S_000201_06_001354_001397,101,612,20.4,68,2,car,0.551859,1140,448,1191,496,0.00261816,1165.8,472.34,observed_motion,0.450538,1102.9165,1.0,28.398523,0.896888,0.351023,0.950903,0,1,0.3
VIRAT_S_000201_06_001354_001397,101,612,20.4,59,2,car,0.698786,1134,491,1242,545,0.00641698,1188.97,518.56,observed_motion,0.263097,1534.3804,0.823045,16.583647,1.0,0.179742,0.575377,0,1,0.3
VIRAT_S_000201_06_001354_001397,102,618,20.6,68,2,car,0.670067,1132,455,1181,500,0.00239875,1157.04,478.07,weak_motion,0.510786,1126.2822,1.0,28.868095,0.972262,0.444661,0.97614,,0,0.0
VIRAT_S_000201_06_001354_001397,102,618,20.6,59,2,car,0.616969,1145,485,1247,539,0.00596102,1196.47,512.27,observed_motion,0.379805,2091.9661,0.896696,21.465461,1.0,0.261517,0.640223,0,1,0.3
VIRAT_S_000201_06_001354_001397,103,624,20.8,68,2,car,0.414146,1119,457,1174,508,0.00303764,1146.74,483.29,observed_motion,0.504419,1414.8964,1.0,29.488739,0.999305,0.375871,0.941657,0,1,0.3
VIRAT_S_000201_06_001354_001397,103,624,20.8,59,2,car,0.418363,1156,480,1251,532,0.0053346,1204.33,506.18,observed_motion,0.397685,1964.5664,0.900202,23.248995,1.0,0.270745,0.667327,0,1,0.3
VIRAT_S_000201_06_001354_001397,104,630,21.0,68,2,car,0.508748,1106,463,1167,519,0.00370433,1137.02,491.58,observed_motion,0.429892,1468.51,0.968091,22.149122,1.0,0.295341,0.797524,1,1,0.285
VIRAT_S_000201_06_001354_001397,104,630,21.0,59,2,car,0.552751,1169,472,1250,518,0.00400137,1209.84,495.42,observed_motion,0.42577,1586.418,0.982018,21.936748,0.957465,0.287837,0.717492,1,1,0.285
VIRAT_S_000201_06_001354_001397,105,636,21.2,68,2,car,0.51605,1097,469,1157,524,0.00360938,1127.56,497.13,observed_motion,0.485008,1600.528,0.960303,26.236216,1.0,0.352583,0.840199,1,1,0.285
VIRAT_S_000201_06_001354_001397,105,636,21.2,59,2,car,0.486905,1185,472,1254,512,0.00301655,1220.22,492.53,observed_motion,0.397889,1098.1749,0.981159,21.52357,0.910869,0.260795,0.769602,1,1,0.285
VIRAT_S_000201_06_001354_001397,106,642,21.4,59,2,car,0.467129,1197,474,1254,507,0.00200791,1225.95,491.39,observed_motion,0.346124,651.059,0.894205,18.141532,0.824092,0.289959,0.763378,0,1,0.3
VIRAT_S_000201_06_001354_001397,106,642,21.4,63,0,person,0.509416,1176,617,1197,674,0.00125999,1186.72,645.84,weak_motion,0.170739,204.3742,1.0,8.948999,0.415804,0.11295,0.901535,,0,0.0
VIRAT_S_000201_06_001354_001397,107,648,21.6,63,0,person,0.438056,1176,614,1197,672,0.00129414,1187.29,643.42,weak_motion,0.250171,304.7079,1.0,13.535625,0.638241,0.163298,0.972802,,0,0.0
VIRAT_S_000201_06_001354_001397,108,654,21.8,63,0,person,0.462734,1177,613,1198,670,0.0012746,1188.1,642.29,weak_motion,0.137864,165.0229,0.986633,7.754396,0.333138,0.085132,0.678389,,0,0.0
VIRAT_S_000201_06_001354_001397,108,654,21.8,68,2,car,0.578006,1063,488,1118,539,0.00307858,1090.96,514.16,observed_motion,0.52622,1476.0466,1.0,29.598194,1.0,0.412367,0.988221,0,1,0.3
VIRAT_S_000201_06_001354_001397,109,660,22.0,63,0,person,0.546096,1179,611,1199,669,0.00128621,1189.51,640.42,weak_motion,0.21945,254.5622,0.999138,11.605584,0.542551,0.146513,0.916331,,0,0.0
VIRAT_S_000201_06_001354_001397,109,660,22.0,68,2,car,0.756773,1053,493,1111,545,0.00325857,1082.48,519.44,observed_motion,0.507787,1531.4852,1.0,26.854216,1.0,0.411772,0.979142,0,1,0.3
VIRAT_S_000201_06_001354_001397,110,666,22.2,63,0,person,0.519147,1181,609,1201,668,0.00127929,1191.3,639.0,weak_motion,0.173468,204.6925,0.964407,10.385352,0.389031,0.104374,0.730053,,0,0.0
VIRAT_S_000201_06_001354_001397,110,666,22.2,68,2,car,0.767587,1042,499,1104,555,0.00372428,1073.31,527.61,observed_motion,0.529606,1838.7915,1.0,31.706926,1.0,0.422856,0.973669,0,1,0.3
VIRAT_S_000201_06_001354_001397,111,672,22.4,63,0,person,0.465642,1182,607,1202,665,0.00127304,1192.16,636.55,weak_motion,0.145101,168.3174,1.0,9.250779,0.318242,0.094565,0.835349,,0,0.0
VIRAT_S_000201_06_001354_001397,111,672,22.4,68,2,car,0.810519,1031,505,1094,563,0.00397395,1062.88,534.42,observed_motion,0.521222,1904.5469,1.0,33.230006,1.0,0.408592,0.950753,0,1,0.3
VIRAT_S_000201_06_001354_001397,112,678,22.6,68,2,car,0.715352,1018,510,1085,570,0.00440123,1052.2,540.47,observed_motion,0.517984,2082.2944,1.0,33.551373,1.0,0.38604,0.914641,0,1,0.3
VIRAT_S_000201_06_001354_001397,113,684,22.8,68,2,car,0.777301,1007,517,1075,577,0.00445878,1041.2,547.68,observed_motion,0.520369,2123.1045,1.0,32.457145,1.0,0.404458,0.953842,0,1,0.3
VIRAT_S_000201_06_001354_001397,114,690,23.0,68,2,car,0.790254,995,523,1066,586,0.00482799,1031.33,554.94,observed_motion,0.51208,2290.5356,1.0,26.795749,1.0,0.398911,0.95614,1,1,0.445
VIRAT_S_000201_06_001354_001397,115,696,23.2,68,2,car,0.72398,982,528,1056,593,0.00517218,1019.34,561.3,observed_motion,0.482189,2319.3271,1.0,27.285404,1.0,0.370076,0.944813,1,1,0.625
VIRAT_S_000201_06_001354_001397,116,702,23.4,68,2,car,0.683493,971,535,1047,601,0.00547717,1009.31,568.63,observed_motion,0.518214,2599.3625,1.0,29.712572,1.0,0.39261,0.932546,1,1,0.445
VIRAT_S_000201_06_001354_001397,117,708,23.6,68,2,car,0.694256,959,541,1037,610,0.00578374,998.73,576.02,observed_motion,0.511954,2755.3376,1.0,28.364044,1.0,0.37787,0.920873,2,1,0.535
VIRAT_S_000201_06_001354_001397,118,714,23.8,68,2,car,0.658101,949,546,1028,616,0.00604168,988.92,581.15,observed_motion,0.508139,2810.0063,1.0,28.699658,1.0,0.372816,0.915179,2,1,0.625
VIRAT_S_000201_06_001354_001397,119,720,24.0,68,2,car,0.745319,940,553,1020,622,0.00605043,980.47,587.81,observed_motion,0.485146,2678.0044,1.0,24.103559,1.0,0.353804,0.932741,2,1,0.370141
VIRAT_S_000201_06_001354_001397,120,726,24.2,68,2,car,0.707988,928,558,1010,629,0.00637467,969.3,594.25,observed_motion,0.501568,2920.1262,1.0,27.561055,1.0,0.358683,0.899089,2,1,0.535
VIRAT_S_000201_06_001354_001397,121,732,24.4,68,2,car,0.765307,919,563,1003,636,0.00661623,961.57,599.9,observed_motion,0.489804,3003.4785,0.995434,26.301639,1.0,0.327608,0.834355,2,1,0.625
VIRAT_S_000201_06_001354_001397,122,738,24.6,68,2,car,0.711269,910,568,995,642,0.00677195,953.14,605.45,observed_motion,0.487117,3063.9663,0.996184,25.96949,1.0,0.313965,0.811913,2,1,0.445
VIRAT_S_000201_06_001354_001397,123,744,24.8,68,2,car,0.659321,903,573,989,646,0.00680535,946.42,610.09,observed_motion,0.488678,3067.918,0.996336,24.438359,1.0,0.318124,0.844072,2,1,0.625
VIRAT_S_000201_06_001354_001397,123,744,24.8,93,0,person,0.600323,1214,586,1233,643,0.00117731,1224.25,614.94,observed_motion,0.399325,432.4686,1.0,19.969892,0.705923,0.248459,0.822101,1,1,0.158129
VIRAT_S_000201_06_001354_001397,124,750,25.0,68,2,car,0.613153,896,575,983,648,0.00685046,939.9,612.26,observed_motion,0.392524,2492.9229,0.994017,17.466592,1.0,0.252856,0.813916,2,1,0.625
VIRAT_S_000201_06_001354_001397,124,750,25.0,93,0,person,0.514287,1221,586,1240,643,0.00117773,1231.12,615.03,observed_motion,0.407196,440.9929,0.998153,18.119432,0.779113,0.261698,0.844203,1,1,0.173328
VIRAT_S_000201_06_001354_001397,125,756,25.2,68,2,car,0.718975,888,578,977,654,0.00736293,933.06,616.63,observed_motion,0.457209,3092.561,0.991869,22.177792,1.0,0.285624,0.783844,2,1,0.426428
VIRAT_S_000201_06_001354_001397,126,762,25.4,68,2,car,0.734665,880,581,973,659,0.00778772,927.08,620.51,observed_motion,0.4243,3077.8699,0.986352,17.990856,1.0,0.251184,0.734378,2,1,0.091061
VIRAT_S_000201_06_001354_001397,127,768,25.6,68,2,car,0.708974,876,583,969,661,0.00789824,923.03,622.05,observed_motion,0.309342,2243.9702,0.979184,15.178804,0.807291,0.187079,0.700054,2,1,0.110063
VIRAT_S_000201_06_001354_001397,128,774,25.8,68,2,car,0.789275,872,586,965,664,0.00792458,918.95,625.05,observed_motion,0.314024,2277.9302,0.980976,14.028972,0.793786,0.185364,0.70773,2,1,0.047432
VIRAT_S_000201_06_001354_001397,129,780,26.0,68,2,car,0.837928,868,589,961,666,0.00781754,915.33,627.77,observed_motion,0.301197,2156.8684,0.990504,12.13813,0.7259,0.182819,0.721829,2,1,0.255
VIRAT_S_000201_06_001354_001397,130,786,26.2,68,2,car,0.841788,863,590,959,669,0.00828451,911.93,630.06,observed_motion,0.279853,2122.4016,0.980353,13.478825,0.66192,0.163778,0.687156,2,1,0.274319
VIRAT_S_000201_06_001354_001397,131,792,26.4,68,2,car,0.807154,859,590,958,671,0.00868818,908.81,631.03,observed_motion,0.253651,2034.0288,0.971692,10.394916,0.570948,0.147316,0.650389,2,1,0.153673
VIRAT_S_000201_06_001354_001397,132,798,26.6,68,2,car,0.814682,857,591,956,672,0.00875318,907.2,631.79,observed_motion,0.204263,1637.9846,0.96845,10.74671,0.480521,0.118072,0.627361,1,1,0.075
VIRAT_S_000201_06_001354_001397,133,804,26.8,68,2,car,0.791386,856,592,955,673,0.00872946,905.77,632.96,observed_motion,0.21218,1701.4731,0.970944,9.24218,0.573352,0.120053,0.625901,2,1,0.24706
VIRAT_S_000201_06_001354_001397,134,810,27.0,68,2,car,0.755308,854,593,953,674,0.00877183,904.14,634.3,observed_motion,0.315886,2533.0933,0.979299,10.679484,0.70814,0.185501,0.683982,2,1,0.414812
VIRAT_S_000201_06_001354_001397,135,816,27.2,68,2,car,0.793874,852,596,950,676,0.00855253,901.21,636.33,observed_motion,0.307959,2414.3958,0.979464,13.632609,0.707066,0.18208,0.698199,2,1,0.284449
VIRAT_S_000201_06_001354_001397,136,822,27.4,68,2,car,0.811086,848,597,947,678,0.00868644,898.21,637.91,observed_motion,0.369989,2966.9443,0.981419,14.33646,0.781007,0.215483,0.70628,2,1,0.531672
VIRAT_S_000201_06_001354_001397,137,828,27.6,68,2,car,0.790861,846,599,945,679,0.00866325,895.85,639.43,observed_motion,0.318101,2519.3599,0.982323,14.738524,0.635175,0.190624,0.701493,2,1,0.445
VIRAT_S_000201_06_001354_001397,138,834,27.8,68,2,car,0.748594,843,600,942,681,0.00865341,892.88,641.03,observed_motion,0.275055,2205.6641,0.975433,14.155833,0.579772,0.160942,0.677945,2,1,0.262038
VIRAT_S_000201_06_001354_001397,138,834,27.8,110,0,person,0.500916,702,569,725,630,0.00154404,713.96,599.8,observed_motion,0.517322,725.8024,1.0,26.624226,1.0,0.348501,0.921202,1,1,0.613524
VIRAT_S_000201_06_001354_001397,139,840,28.0,68,2,car,0.736253,838,602,939,684,0.00895313,889.37,643.23,observed_motion,0.28042,2322.438,0.968244,11.276885,0.748702,0.157632,0.654651,2,1,0.432794
VIRAT_S_000201_06_001354_001397,139,840,28.0,110,0,person,0.405659,697,570,720,631,0.0015207,709.21,600.85,observed_motion,0.496008,695.8995,1.0,19.946611,1.0,0.358325,0.927438,1,1,0.610765
VIRAT_S_000201_06_001354_001397,140,846,28.2,68,2,car,0.832422,833,603,937,687,0.00938064,885.38,645.5,observed_motion,0.356041,3110.3721,0.966346,16.234762,0.725951,0.197618,0.635928,2,1,0.54625
VIRAT_S_000201_06_001354_001397,141,852,28.4,68,2,car,0.813508,828,605,932,689,0.00947214,880.59,647.68,observed_motion,0.333232,2911.1118,0.965774,14.734597,0.77182,0.188306,0.663207,2,1,0.559495
VIRAT_S_000201_06_001354_001397,141,852,28.4,110,0,person,0.529599,684,573,708,637,0.00165456,696.77,605.66,observed_motion,0.530269,814.4929,1.0,23.447046,1.0,0.353825,0.906896,1,1,0.0
VIRAT_S_000201_06_001354_001397,142,858,28.6,68,2,car,0.806629,824,608,928,692,0.00942835,876.74,650.4,observed_motion,0.335391,2929.9788,0.972413,14.703146,0.76565,0.220542,0.743402,2,1,0.445
VIRAT_S_000201_06_001354_001397,143,864,28.8,68,2,car,0.868939,820,610,924,694,0.00944138,872.62,652.47,observed_motion,0.294667,2574.2073,0.962454,14.138445,0.702473,0.202314,0.72943,2,1,0.255513
VIRAT_S_000201_06_001354_001397,143,864,28.8,110,0,person,0.526536,672,580,695,640,0.00147526,683.7,610.85,observed_motion,0.473881,653.9562,1.0,22.737374,0.973248,0.352942,0.966435,1,1,0.529109
VIRAT_S_000201_06_001354_001397,144,870,29.0,68,2,car,0.791837,815,612,919,696,0.00940676,867.96,654.65,observed_motion,0.19153,1673.2056,0.943338,9.687933,0.588114,0.133358,0.694209,1,1,0.0
VIRAT_S_000201_06_001354_001397,144,870,29.0,110,0,person,0.624275,666,582,688,642,0.00143656,677.26,612.36,observed_motion,0.295271,389.7573,1.0,14.935326,0.718719,0.188662,0.852083,0,1,0.685
VIRAT_S_000201_06_001354_001397,145,876,29.2,68,2,car,0.824511,810,616,915,700,0.00952862,863.16,658.68,observed_motion,0.199168,1756.6589,0.941723,11.248215,0.648413,0.124988,0.701465,1,1,0.285
VIRAT_S_000201_06_001354_001397,145,876,29.2,110,0,person,0.451073,660,584,682,645,0.00149898,671.43,615.43,observed_motion,0.2354,315.9074,1.0,13.294501,0.628738,0.149329,0.859184,0,1,0.315
VIRAT_S_000201_06_001354_001397,146,882,29.4,68,2,car,0.834482,804,619,910,704,0.00977983,857.3,661.88,observed_motion,0.219821,1980.5835,0.949279,11.743842,0.624388,0.148357,0.726087,1,1,0.285
VIRAT_S_000201_06_001354_001397,146,882,29.4,110,0,person,0.698907,654,585,676,647,0.00153516,665.51,616.87,observed_motion,0.24229,330.4831,1.0,12.944245,0.610434,0.169744,0.929582,0,1,0.315
VIRAT_S_000201_06_001354_001397,147,888,29.6,68,2,car,0.786661,794,621,905,709,0.01050487,850.08,665.1,observed_motion,0.274339,2679.7441,0.950553,11.978096,0.730489,0.182256,0.719101,0,1,0.367457
VIRAT_S_000201_06_001354_001397,147,888,29.6,110,0,person,0.593659,648,586,671,649,0.00158496,660.29,617.59,observed_motion,0.185084,268.1862,1.0,8.081056,0.543556,0.124334,0.834167,1,1,0.0
VIRAT_S_000201_06_001354_001397,148,894,29.8,68,2,car,0.784387,788,626,899,714,0.0105488,843.84,670.23,observed_motion,0.276144,2697.3779,0.946867,12.412606,0.828986,0.172403,0.680704,0,1,0.28461
VIRAT_S_000201_06_001354_001397,148,894,29.8,110,0,person,0.401989,643,587,667,651,0.00162111,655.41,619.54,observed_motion,0.244314,375.2663,1.0,10.981841,0.678811,0.148001,0.770227,1,1,0.065
VIRAT_S_000201_06_001354_001397,149,900,30.0,68,2,car,0.837017,780,630,890,718,0.0104294,835.87,674.45,observed_motion,0.315759,3056.5425,0.960227,11.95397,0.921537,0.203027,0.714889,0,1,0.279452
VIRAT_S_000201_06_001354_001397,149,900,30.0,110,0,person,0.639024,637,590,660,653,0.00155523,649.11,621.71,observed_motion,0.290362,420.7352,1.0,10.992527,0.816457,0.194324,0.897222,1,1,0.0
VIRAT_S_000201_06_001354_001397,149,900,30.0,116,2,car,0.661443,988,605,1086,677,0.0077141,1037.5,641.93,observed_motion,0.537141,3790.0654,0.99674,20.335048,1.0,0.35713,0.771421,2,1,0.518496
VIRAT_S_000201_06_001354_001397,150,906,30.2,68,2,car,0.757323,772,635,879,720,0.00976303,825.68,677.93,observed_motion,0.372598,3388.7771,0.982958,14.887433,1.0,0.24725,0.751257,0,1,0.595
VIRAT_S_000201_06_001354_001397,150,906,30.2,110,0,person,0.435599,629,589,654,657,0.0018356,642.33,623.73,weak_motion,0.23971,407.5073,0.993529,9.577804,0.661165,0.147387,0.727294,,0,0.0
VIRAT_S_000201_06_001354_001397,150,906,30.2,116,2,car,0.69136,1003,592,1102,665,0.00770676,1053.06,629.05,observed_motion,0.576738,4168.0869,0.995157,23.044019,0.987646,0.375188,0.74629,1,1,0.005
VIRAT_S_000201_06_001354_001397,151,912,30.4,68,2,car,0.750845,764,640,867,719,0.0088226,816.11,680.24,observed_motion,0.390011,3173.5181,0.979108,16.280558,0.98849,0.261257,0.747244,0,1,0.0
VIRAT_S_000201_06_001354_001397,151,912,30.4,116,2,car,0.719594,1022,580,1115,649,0.00689328,1069.33,614.94,observed_motion,0.569494,3654.4434,1.0,23.772881,1.0,0.377535,0.747912,1,1,0.625
VIRAT_S_000201_06_001354_001397,152,918,30.6,68,2,car,0.717846,756,646,854,720,0.00784402,805.68,683.06,observed_motion,0.393682,2854.9795,0.981247,17.499814,1.0,0.262439,0.74844,0,1,0.489571
VIRAT_S_000201_06_001354_001397,152,918,30.6,116,2,car,0.61252,1039,570,1128,636,0.00631392,1084.19,603.71,observed_motion,0.52629,3091.4282,0.999489,23.394482,0.952948,0.355013,0.741851,2,1,0.128913
VIRAT_S_000201_06_001354_001397,152,918,30.6,110,0,person,0.637713,619,594,643,660,0.00165627,631.53,627.67,observed_motion,0.264424,418.8477,1.0,11.754095,0.676559,0.165998,0.807814,1,1,0.155
VIRAT_S_000201_06_001354_001397,153,924,30.8,68,2,car,0.398516,747,652,840,720,0.00685966,794.27,686.14,observed_motion,0.418159,2644.4404,0.991935,19.418955,1.0,0.293718,0.799347,0,1,0.641859
VIRAT_S_000201_06_001354_001397,153,924,30.8,116,2,car,0.746261,1054,560,1141,624,0.00602081,1097.7,592.67,observed_motion,0.486263,2707.5117,0.991559,22.581618,0.875706,0.331112,0.732316,2,1,0.372616
VIRAT_S_000201_06_001354_001397,153,924,30.8,110,0,person,0.527883,614,598,636,662,0.00153108,625.71,630.57,observed_motion,0.198097,278.9204,0.887074,9.199444,0.56601,0.13513,0.699584,1,1,0.0
VIRAT_S_000201_06_001354_001397,154,930,31.0,68,2,car,0.519494,739,660,825,720,0.00561716,782.49,690.02,observed_motion,0.417694,2155.2986,0.992829,17.934918,1.0,0.32415,0.865151,0,1,0.065758
VIRAT_S_000201_06_001354_001397,154,930,31.0,116,2,car,0.391814,1069,549,1154,612,0.00576952,1112.34,581.27,observed_motion,0.431318,2309.7065,0.988235,18.519914,0.799672,0.298046,0.706838,2,1,0.625
VIRAT_S_000201_06_001354_001397,154,930,31.0,110,0,person,0.550463,607,600,630,664,0.0015393,619.04,632.5,observed_motion,0.321614,473.4153,1.0,13.809442,0.731204,0.226935,0.921521,1,1,0.0
VIRAT_S_000201_06_001354_001397,155,936,31.2,68,2,car,0.538255,731,666,811,720,0.00461457,771.64,693.38,observed_motion,0.469255,2027.1826,0.99213,17.777569,0.919929,0.375567,0.8739,0,1,0.29854
VIRAT_S_000201_06_001354_001397,155,936,31.2,116,2,car,0.596922,1079,531,1170,599,0.00670916,1124.78,565.9,observed_motion,0.414634,2565.7537,0.87201,15.708253,1.0,0.284972,0.592686,2,1,0.52114
VIRAT_S_000201_06_001354_001397,156,942,31.4,116,2,car,0.626704,1096,526,1181,590,0.00588971,1139.11,558.7,observed_motion,0.388284,2112.2654,0.87739,16.224683,1.0,0.265026,0.625071,2,1,0.39894
VIRAT_S_000201_06_001354_001397,156,942,31.4,110,0,person,0.539798,590,604,613,670,0.00160985,602.19,637.69,observed_motion,0.312668,474.63,1.0,13.065018,0.762927,0.207302,0.931217,1,1,0.0
VIRAT_S_000201_06_001354_001397,157,948,31.6,116,2,car,0.519018,1116,525,1187,579,0.00410134,1151.83,552.54,observed_motion,0.395118,1514.8818,0.944705,17.134307,1.0,0.294786,0.713551,2,1,0.445
VIRAT_S_000201_06_001354_001397,157,948,31.6,110,0,person,0.436902,583,606,606,672,0.00163953,594.7,639.56,observed_motion,0.434168,659.0673,1.0,18.827726,0.964086,0.287328,0.939153,1,1,0.155
VIRAT_S_000201_06_001354_001397,158,954,31.8,110,0,person,0.519131,574,608,597,674,0.00163703,586.22,641.56,observed_motion,0.379875,576.6498,1.0,17.090368,0.836804,0.258342,0.916138,1,1,0.225
VIRAT_S_000201_06_001354_001397,159,960,32.0,110,0,person,0.632093,567,612,588,675,0.00147399,577.98,644.03,observed_motion,0.494531,654.2643,1.0,18.302486,0.81413,0.338303,0.915294,1,1,0.278262
VIRAT_S_000201_06_001354_001397,160,966,32.2,110,0,person,0.498436,556,614,578,680,0.00162949,567.49,647.21,observed_motion,0.537601,780.5968,1.0,23.367414,1.0,0.358626,0.880272,0,1,0.0
VIRAT_S_000201_06_001354_001397,160,966,32.2,116,2,car,0.509858,1152,499,1221,550,0.00383912,1187.23,524.91,observed_motion,0.320947,1129.4121,0.985507,13.950304,0.820741,0.260867,0.773171,1,1,0.7
VIRAT_S_000201_06_001354_001397,161,972,32.4,116,2,car,0.311062,1163,491,1231,543,0.00380196,1197.84,517.65,observed_motion,0.423534,1497.6146,1.0,17.772128,0.942752,0.285924,0.744556,1,1,0.255
VIRAT_S_000201_06_001354_001397,163,984,32.8,116,2,car,0.376842,1185,481,1248,528,0.00323664,1216.75,504.64,observed_motion,0.408403,1209.2809,1.0,18.627515,1.0,0.254621,0.756316,1,1,0.005
VIRAT_S_000201_06_001354_001397,164,990,33.0,116,2,car,0.540139,1197,481,1253,521,0.0024398,1225.58,501.48,observed_motion,0.376751,843.9227,1.0,13.922999,0.937026,0.2809,0.884305,1,1,0.165
VIRAT_S_000201_06_001354_001397,173,1044,34.8,141,2,car,0.618754,1176,440,1207,469,0.00098133,1192.26,454.68,observed_motion,0.591845,532.0687,1.0,37.686424,1.0,0.43631,1.0,1,1,0.345
VIRAT_S_000201_06_001354_001397,174,1050,35.0,141,2,car,0.720401,1169,436,1207,473,0.00151361,1188.74,455.07,observed_motion,0.533756,750.4611,1.0,30.514986,1.0,0.366388,0.991803,1,1,0.685
VIRAT_S_000201_06_001354_001397,175,1056,35.2,141,2,car,0.712554,1160,438,1205,480,0.00205738,1182.59,459.28,observed_motion,0.549595,1038.7346,1.0,36.767299,1.0,0.378901,0.97471,1,1,0.435
VIRAT_S_000201_06_001354_001397,176,1062,35.4,141,2,car,0.822268,1153,440,1201,486,0.00239539,1177.52,463.46,observed_motion,0.536227,1183.9893,1.0,35.605363,1.0,0.362491,0.968511,1,1,0.435
VIRAT_S_000201_06_001354_001397,177,1068,35.6,141,2,car,0.826736,1146,445,1197,492,0.00263531,1172.04,468.66,observed_motion,0.556239,1333.3055,1.0,37.795003,1.0,0.379615,0.964859,1,1,0.685
VIRAT_S_000201_06_001354_001397,178,1074,35.8,141,2,car,0.739521,1137,449,1191,497,0.00274332,1164.59,473.66,observed_motion,0.557791,1445.795,1.0,38.618706,1.0,0.378631,0.943126,1,1,0.685
VIRAT_S_000201_06_001354_001397,179,1080,36.0,141,2,car,0.801735,1128,454,1182,501,0.00270951,1155.44,477.64,observed_motion,0.571406,1450.2278,1.0,33.957376,1.0,0.392833,0.948276,1,1,0.685
VIRAT_S_000201_06_001354_001397,180,1086,36.2,141,2,car,0.59691,1111,459,1179,518,0.00438304,1145.38,489.04,observed_motion,0.4834,1939.3989,0.978315,32.293258,1.0,0.288038,0.739313,1,1,0.195
VIRAT_S_000201_06_001354_001397,181,1092,36.4,141,2,car,0.774653,1100,464,1170,525,0.00465169,1135.8,494.79,observed_motion,0.429259,1832.9351,0.956674,29.627066,1.0,0.256783,0.720845,1,1,0.0
VIRAT_S_000201_06_001354_001397,182,1098,36.6,141,2,car,0.819466,1093,470,1160,528,0.00426746,1127.15,499.23,observed_motion,0.467645,1817.2693,0.949563,31.983678,1.0,0.300529,0.789028,1,1,0.165
VIRAT_S_000201_06_001354_001397,183,1104,36.8,141,2,car,0.749859,1085,475,1150,530,0.00389671,1117.89,502.97,observed_motion,0.509942,1823.0415,0.97007,32.97041,1.0,0.363683,0.872596,1,1,0.535
VIRAT_S_000201_06_001354_001397,184,1110,37.0,141,2,car,0.637272,1075,480,1141,535,0.00394705,1108.6,507.72,observed_motion,0.482544,1751.6357,0.979614,27.272465,1.0,0.364047,0.914827,1,1,0.625
VIRAT_S_000201_06_001354_001397,185,1116,37.2,141,2,car,0.556957,1064,487,1133,542,0.00409695,1098.91,515.47,observed_motion,0.50734,1925.3538,1.0,31.380078,1.0,0.385717,0.919731,1,1,0.0
VIRAT_S_000201_06_001354_001397,185,1116,37.2,156,2,car,0.667251,1177,433,1202,465,0.00084375,1189.96,449.16,weak_motion,0.309263,247.4101,1.0,19.128581,0.485668,0.261349,1.0,,0,0.0
VIRAT_S_000201_06_001354_001397,186,1122,37.4,141,2,car,0.830097,1047,494,1118,550,0.00436009,1083.26,522.32,observed_motion,0.545305,2168.1345,1.0,32.663582,1.0,0.389247,0.955648,1,1,0.165
VIRAT_S_000201_06_001354_001397,186,1122,37.4,156,2,car,0.789278,1171,432,1199,469,0.00112555,1185.55,451.01,weak_motion,0.303294,314.2124,1.0,18.167179,0.495144,0.252101,0.992593,,0,0.0
VIRAT_S_000201_06_001354_001397,187,1128,37.6,141,2,car,0.821245,1035,499,1109,558,0.00477286,1072.43,529.04,observed_motion,0.555596,2425.7307,1.0,32.882757,1.0,0.386373,0.93921,1,1,0.445
VIRAT_S_000201_06_001354_001397,187,1128,37.6,156,2,car,0.67066,1165,432,1197,474,0.00146252,1181.42,453.53,weak_motion,0.330669,444.4187,1.0,19.570521,0.522523,0.2685,0.982733,,0,0.0
VIRAT_S_000201_06_001354_001397,188,1134,37.8,141,2,car,0.80423,1023,505,1101,566,0.00513339,1062.16,536.06,observed_motion,0.566983,2697.7026,1.0,32.384096,1.0,0.3895,0.903429,1,1,0.625
VIRAT_S_000201_06_001354_001397,188,1134,37.8,156,2,car,0.786575,1158,434,1194,479,0.00178373,1176.21,457.01,weak_motion,0.35699,578.323,1.0,20.390016,0.541363,0.291792,0.982456,,0,0.0
VIRAT_S_000201_06_001354_001397,189,1140,38.0,141,2,car,0.811578,1010,511,1092,574,0.00558048,1051.35,542.58,observed_motion,0.553668,2860.251,1.0,27.705848,1.0,0.377402,0.912137,1,1,0.165
VIRAT_S_000201_06_001354_001397,189,1140,38.0,156,2,car,0.667934,1150,437,1188,485,0.00202726,1169.48,461.85,weak_motion,0.353644,645.046,1.0,17.696509,0.530831,0.283431,0.969129,,0,0.0
VIRAT_S_000201_06_001354_001397,190,1146,38.2,141,2,car,0.866903,996,517,1081,582,0.00606723,1039.09,550.16,observed_motion,0.568811,3142.6792,1.0,30.368445,1.0,0.392495,0.913462,1,1,0.075
VIRAT_S_000201_06_001354_001397,190,1146,38.2,156,2,car,0.63062,1142,440,1184,492,0.00234273,1163.55,466.48,weak_motion,0.376461,822.1904,1.0,20.099006,0.556453,0.283541,0.941198,,0,0.0
VIRAT_S_000201_06_001354_001397,191,1152,38.4,141,2,car,0.825414,983,524,1070,590,0.00619345,1027.15,557.59,observed_motion,0.547396,3143.1504,1.0,29.233776,1.0,0.375569,0.90381,1,1,0.0
VIRAT_S_000201_06_001354_001397,191,1152,38.4,156,2,car,0.672356,1133,446,1176,496,0.00238102,1155.11,471.43,weak_motion,0.373335,802.67,1.0,19.937999,0.560121,0.287431,0.945037,,0,0.0
VIRAT_S_000201_06_001354_001397,192,1158,38.6,141,2,car,0.815613,972,531,1060,597,0.00632826,1016.93,564.42,observed_motion,0.554997,3223.4219,1.0,29.154434,1.0,0.390878,0.916988,1,1,0.255
VIRAT_S_000201_06_001354_001397,193,1164,38.8,141,2,car,0.820578,961,537,1051,604,0.00668211,1006.49,570.99,observed_motion,0.557779,3363.4053,1.0,31.000986,1.0,0.391619,0.908115,0,1,0.3
VIRAT_S_000201_06_001354_001397,194,1170,39.0,141,2,car,0.837696,948,542,1043,612,0.00720602,996.13,577.83,observed_motion,0.560802,3729.3362,1.0,27.538865,1.0,0.380286,0.889039,0,1,0.3
VIRAT_S_000201_06_001354_001397,194,1170,39.0,156,2,car,0.61606,1105,460,1157,520,0.003409,1131.42,490.29,weak_motion,0.327323,1021.249,0.945192,16.0736,0.583121,0.242703,0.766817,,0,0.0
VIRAT_S_000201_06_001354_001397,195,1176,39.2,141,2,car,0.800408,934,548,1033,621,0.00786957,984.37,584.95,observed_motion,0.552882,3995.6768,1.0,28.952906,1.0,0.370576,0.888968,0,1,0.3
VIRAT_S_000201_06_001354_001397,195,1176,39.2,156,2,car,0.602099,1096,464,1147,522,0.00320771,1121.96,493.69,weak_motion,0.389026,1150.7384,0.99121,20.372218,0.625582,0.292268,0.866903,,0,0.0
VIRAT_S_000201_06_001354_001397,196,1182,39.4,141,2,car,0.861001,925,555,1023,628,0.00780292,974.59,592.02,observed_motion,0.54082,3869.0291,1.0,29.027812,1.0,0.356017,0.860477,0,1,0.3
VIRAT_S_000201_06_001354_001397,196,1182,39.4,156,2,car,0.415495,1086,468,1140,526,0.00341569,1113.63,497.7,observed_motion,0.376967,1180.661,0.990741,20.233207,0.6385,0.292857,0.889012,0,1,0.3
VIRAT_S_000201_06_001354_001397,197,1188,39.6,141,2,car,0.838024,914,561,1015,635,0.00815541,965.01,598.39,observed_motion,0.54422,4067.4998,0.998261,27.891736,1.0,0.343415,0.833748,0,1,0.3
VIRAT_S_000201_06_001354_001397,197,1188,39.6,156,2,car,0.554337,1075,475,1128,531,0.00317906,1101.86,503.8,observed_motion,0.40962,1215.7512,0.999326,20.99336,0.6609,0.339283,0.939406,0,1,0.3
VIRAT_S_000201_06_001354_001397,198,1194,39.8,141,2,car,0.797505,904,566,1007,640,0.00832092,956.16,603.5,observed_motion,0.532444,4058.2886,0.996851,26.582414,1.0,0.336565,0.818713,0,1,0.3
VIRAT_S_000201_06_001354_001397,198,1194,39.8,156,2,car,0.447503,1062,481,1116,536,0.00324446,1089.51,509.07,observed_motion,0.447498,1329.0679,1.0,22.34144,0.69448,0.365528,0.976097,0,1,0.3
VIRAT_S_000201_06_001354_001397,199,1200,40.0,141,2,car,0.751182,896,570,1000,646,0.00858169,948.29,608.7,observed_motion,0.530576,4193.6694,0.998102,23.228538,1.0,0.326849,0.810066,0,1,0.3
VIRAT_S_000201_06_001354_001397,199,1200,40.0,156,2,car,0.664331,1053,484,1110,543,0.00364925,1081.77,514.04,observed_motion,0.488701,1643.5004,1.0,21.395261,0.726477,0.392268,0.964847,0,1,0.3
VIRAT_S_000201_06_001354_001397,200,1206,40.2,141,2,car,0.68283,885,574,992,652,0.0090536,938.84,613.72,observed_motion,0.487413,4067.9495,0.992092,23.814711,1.0,0.278132,0.746326,0,1,0.3
VIRAT_S_000201_06_001354_001397,200,1206,40.2,156,2,car,0.728071,1045,490,1104,549,0.0038622,1075.17,520.0,observed_motion,0.459364,1599.0444,1.0,22.444227,0.680352,0.377315,0.963105,0,1,0.3
VIRAT_S_000201_06_001354_001397,201,1212,40.4,141,2,car,0.780397,876,578,986,657,0.00934919,931.5,618.14,observed_motion,0.452021,3928.0615,0.993211,21.850837,1.0,0.263712,0.736562,0,1,0.3
VIRAT_S_000201_06_001354_001397,201,1212,40.4,156,2,car,0.70485,1036,493,1099,556,0.00432241,1068.02,524.83,weak_motion,0.444964,1766.0618,1.0,21.509701,0.711747,0.348659,0.9399,,0,0.0
VIRAT_S_000201_06_001354_001397,202,1218,40.6,141,2,car,0.777348,868,583,980,663,0.0096888,924.67,623.36,observed_motion,0.40435,3622.9727,0.979688,21.09463,1.0,0.229943,0.715171,0,1,0.3
VIRAT_S_000201_06_001354_001397,202,1218,40.6,156,2,car,0.79737,1026,498,1092,561,0.0045529,1059.8,530.18,weak_motion,0.36127,1502.1588,0.999759,18.847174,0.665869,0.27263,0.920952,,0,0.0
VIRAT_S_000201_06_001354_001397,203,1224,40.8,141,2,car,0.840524,859,588,974,670,0.01012639,916.91,629.49,observed_motion,0.463652,4372.2349,0.970944,21.272362,1.0,0.267996,0.724112,0,1,0.3
VIRAT_S_000201_06_001354_001397,203,1224,40.8,156,2,car,0.730987,1016,502,1085,568,0.00492684,1050.61,535.62,observed_motion,0.44557,2029.1265,0.998024,20.442782,0.715051,0.337697,0.902857,0,1,0.3
VIRAT_S_000201_06_001354_001397,204,1230,41.0,141,2,car,0.836076,850,594,965,676,0.01026002,908.18,635.32,observed_motion,0.484173,4565.7554,0.973595,18.246258,1.0,0.295043,0.756182,0,1,0.3
VIRAT_S_000201_06_001354_001397,204,1230,41.0,156,2,car,0.742804,1007,508,1078,575,0.00513931,1042.9,542.19,observed_motion,0.48035,2285.0254,1.0,18.102176,0.717891,0.369383,0.922352,0,1,0.3
VIRAT_S_000201_06_001354_001397,205,1236,41.2,141,2,car,0.809398,839,598,958,683,0.01095342,898.89,641.25,observed_motion,0.490629,4962.7119,0.961147,18.157932,1.0,0.295659,0.731618,1,1,0.445
VIRAT_S_000201_06_001354_001397,205,1236,41.2,156,2,car,0.730188,995,514,1069,582,0.00540753,1032.66,548.19,observed_motion,0.486792,2449.5352,0.999603,18.015912,0.733636,0.382988,0.926528,1,1,0.445
VIRAT_S_000201_06_001354_001397,206,1242,41.4,141,2,car,0.837161,830,603,951,688,0.01117652,891.22,646.36,observed_motion,0.481143,4948.5542,0.957511,18.693709,1.0,0.293686,0.730405,0,1,0.3
VIRAT_S_000201_06_001354_001397,206,1242,41.4,156,2,car,0.71699,984,518,1061,589,0.00588895,1022.67,553.98,observed_motion,0.447777,2447.998,0.999817,17.397363,0.719072,0.339886,0.906338,0,1,0.3
VIRAT_S_000201_06_001354_001397,207,1248,41.6,141,2,car,0.848895,821,611,942,695,0.01112044,882.11,653.49,observed_motion,0.518447,5269.4902,0.982389,20.092751,1.0,0.316057,0.748034,1,1,0.535
VIRAT_S_000201_06_001354_001397,207,1248,41.6,156,2,car,0.749885,974,523,1053,594,0.00604738,1013.91,559.34,observed_motion,0.42739,2397.2319,1.0,16.563803,0.698968,0.325893,0.897452,1,1,0.535
VIRAT_S_000201_06_001354_001397,208,1254,41.8,141,2,car,0.836422,809,617,933,704,0.01174668,871.24,660.73,observed_motion,0.513628,5541.0205,0.98211,21.254551,1.0,0.319441,0.771086,0,1,0.3
VIRAT_S_000201_06_001354_001397,208,1254,41.8,156,2,car,0.738333,964,528,1045,600,0.00637545,1005.07,564.37,observed_motion,0.374417,2183.6018,0.999314,15.49384,0.644662,0.281521,0.891037,0,1,0.3
VIRAT_S_000201_06_001354_001397,209,1260,42.0,141,2,car,0.817294,793,621,926,714,0.0133981,859.7,668.2,observed_motion,0.461706,5710.8452,0.976473,18.645545,1.0,0.286076,0.769611,0,1,0.3
VIRAT_S_000201_06_001354_001397,209,1260,42.0,156,2,car,0.679741,953,532,1037,607,0.00681939,995.34,570.05,observed_motion,0.315128,1985.3073,0.990635,12.726133,0.624336,0.225112,0.867716,0,1,0.3
VIRAT_S_000201_06_001354_001397,210,1266,42.2,141,2,car,0.827361,782,630,911,720,0.01255396,846.7,675.25,observed_motion,0.539056,6258.4419,0.991387,21.378296,1.0,0.362478,0.81989,0,1,0.3
VIRAT_S_000201_06_001354_001397,210,1266,42.2,156,2,car,0.782483,943,538,1028,614,0.00699936,986.04,576.55,observed_motion,0.350907,2266.8577,0.997523,13.916526,0.591756,0.264308,0.888977,0,1,0.3
VIRAT_S_000201_06_001354_001397,211,1272,42.4,141,2,car,0.833581,771,637,893,720,0.01088639,832.58,678.89,observed_motion,0.531901,5386.0293,0.988347,23.574595,1.0,0.359861,0.814482,0,1,0.3
VIRAT_S_000201_06_001354_001397,211,1272,42.4,156,2,car,0.618771,932,543,1021,620,0.00738679,977.04,581.95,observed_motion,0.312441,2141.1584,0.990369,13.847823,0.579391,0.215698,0.8357,0,1,0.3
VIRAT_S_000201_06_001354_001397,212,1278,42.6,141,2,car,0.806974,760,647,874,720,0.00903337,817.9,683.51,observed_motion,0.478633,3983.1833,0.996635,24.977297,1.0,0.340169,0.842278,0,1,0.3
VIRAT_S_000201_06_001354_001397,212,1278,42.6,156,2,car,0.784809,923,547,1014,626,0.00787663,968.73,586.83,observed_motion,0.243403,1749.8262,0.982751,12.701917,0.523439,0.165932,0.802783,0,1,0.3
